Date,Word
22/08/2014,SET
21/08/2014,
20/08/2014,
19/08/2014,IDOL
18/08/2014,DODGE
17/08/2014,HIT
16/08/2014,BEAM
15/08/2014,
14/08/2014,SHOW
13/08/2014,PACE
12/08/2014,EVADE
11/08/2014,STAR
10/08/2014,FLICK
09/08/2014,RIDE
08/08/2014,VIEW
07/08/2014,FILM
06/08/2014,QUICK
05/08/2014,UFO
04/08/2014,
03/08/2014,HASTE
02/08/2014,CAST
01/08/2014,MOVIE
31/07/2014,LA
30/07/2014,UP
29/07/2014,NEXT
28/07/2014,TRIP
27/07/2014,RUSH
26/07/2014,SMILE
25/07/2014,GRIND
24/07/2014,RACE
23/07/2014,
22/07/2014,LEAD
21/07/2014,SPRINT
20/07/2014,FUN
19/07/2014,BEAT
18/07/2014,FIRST
17/07/2014,GREAT
16/07/2014,HILL
15/07/2014,SPEED
14/07/2014,TRACK
13/07/2014,SUPER
12/07/2014,TOUR
11/07/2014,BIKE
10/07/2014,PARIS
09/07/2014,CITY
08/07/2014,NEXT
07/07/2014,GLORY
06/07/2014,LEAP
05/07/2014,SURF
04/07/2014,WAVES
03/07/2014,PALM
02/07/2014,GAME
01/07/2014,RUN
30/06/2014,TOP
29/06/2014,JUNGLE
28/06/2014,PARTY
27/06/2014,GOAL
26/06/2014,BALL
25/06/2014,PLAY
24/06/2014,GOLD
23/06/2014,DIVE
